g4205a,A42G,E104K,M182T,G238S,Replicate 1,Replicate 2,Replicate 3
,,,,,0.088,0.088,0.088
,,,,+ ,1.4,1.4,1.4
,,,+ ,,0.088,0.063,0.063
,,,+ ,+ ,32,32,32
,,+ ,,,0.13,0.088,0.18
,,+ ,,+ ,360,360,360
,,+ ,+ ,,0.18,0.13,0.18
,,+ ,+ ,+ ,360,360,360
,+ ,,,,0.088,0.088,0.088
,+ ,,,+ ,23,23,23
,+ ,,+ ,,1.4,1.4,1.4
,+ ,,+ ,+ ,360,360,360
,+ ,+ ,,,1.4,1.4,1.4
,+ ,+ ,,+ ,2100,2100,2100
,+ ,+ ,+ ,,1,0.71,0.71
,+ ,+ ,+ ,+ ,2900,2900,2900
+ ,,,,,0.088,0.088,0.088
+ ,,,,+ ,1.4,1.4,1.4
+ ,,,+ ,,0.088,0.088,0.088
+ ,,,+ ,+ ,360,360,360
+ ,,+ ,,,0.18,0.18,0.18
+ ,,+ ,,+ ,360,360,360
+ ,,+ ,+ ,,0.18,0.18,0.18
+ ,,+ ,+ ,+ ,2100,2100,2100
+ ,+ ,,,,0.088,0.088,0.088
+ ,+ ,,,+ ,360,360,360
+ ,+ ,,+ ,,0.088,0.088,0.088
+ ,+ ,,+ ,+ ,360,360,360
+ ,+ ,+ ,,,1.4,2.8,2
+ ,+ ,+ ,,+ ,1500,2100,1500
+ ,+ ,+ ,+ ,,1.4,1.4,1.4
+ ,+ ,+ ,+ ,+,4100,4100,4100
